QB,RB,RB,WR,WR,WR,TE,FLEX,DST
44220221,44220344,44220304,44220698,44220642,44220626,44221120,44221122,44221409
44220217,44220314,44220306,44220642,44220678,44220700,44221108,44221132,44221406
44220217,44220314,44220352,44220642,44220700,44220628,44221108,44221128,44221406
44220217,44220314,44220352,44220632,44220642,44220700,44221108,44221116,44221406
44220220,44220324,44220312,44220642,44220710,44220612,44221132,44221112,44221408
44220220,44220322,44220312,44220612,44220642,44220676,44221116,44221132,44221417
44220220,44220324,44220322,44220612,44220642,44220676,44221116,44221120,44221417
44220220,44220324,44220322,44220612,44220642,44220676,44221108,44221136,44221417
44220218,44220344,44220330,44220634,44220656,44220628,44221118,44220684,44221408
44220219,44220352,44220318,44220710,44220618,44220684,44221122,44220616,44221407
44220219,44220314,44220340,44220710,44220618,44220684,44221132,44220616,44221407
44220222,44220310,44220344,44220642,44220710,44220692,44221120,44220614,44221398
44220227,44220314,44220326,44220662,44220644,44220626,44221122,44221112,44221399
44220221,44220330,44220304,44220680,44220678,44220692,44221122,44220616,44221409
44220235,44220322,44220330,44220614,44220618,44220662,44221120,44221122,44221407
44220223,44220348,44220306,44220642,44220710,44220620,44221116,44221108,44221409
44220224,44220314,44220348,44220610,44220666,44220616,44221148,44221132,44221408
44220224,44220314,44220348,44220666,44220626,44220672,44221148,44220616,44221401
44220218,44220318,44220320,44220692,44220610,44220700,44221136,44221118,44221407
44220218,44220324,44220318,44220692,44220610,44220684,44221120,44221118,44221407
44220218,44220318,44220320,44220632,44220634,44220692,44221120,44221118,44221406
44220218,44220324,44220320,44220632,44220634,44220700,44221112,44221118,44221407
44220221,44220304,44220318,44220710,44220618,44220700,44221112,44221122,44221408
44220222,44220326,44220348,44220614,44220710,44220640,44221108,44221112,44221409
44220222,44220326,44220348,44220614,44220710,44220638,44221108,44221132,44221398
44220217,44220340,44220318,44220662,44220644,44220700,44221108,44221112,44221406
44220220,44220314,44220348,44220656,44220612,44220618,44221120,44221148,44221417
44220220,44220348,44220334,44220662,44220612,44220618,44221148,44221112,44221408
44220221,44220304,44220348,44220620,44220710,44220626,44221116,44221122,44221408
44220219,44220340,44220306,44220656,44220638,44220710,44221132,44220616,44221409
44220217,44220310,44220324,44220620,44220710,44220678,44221108,44221136,44221406
44220217,44220348,44220330,44220656,44220620,44220700,44221108,44221136,44221406
44220227,44220324,44220304,44220644,44220684,44220620,44221122,44221136,44221401
44220227,44220322,44220304,44220644,44220684,44220620,44221122,44221136,44221398
44220223,44220322,44220304,44220620,44220666,44220672,44221136,44221116,44221406
44220221,44220308,44220304,44220620,44220700,44220672,44221136,44220684,44221409
44220235,44220318,44220348,44220642,44220638,44220618,44221122,44221108,44221409
44220219,44220352,44220330,44220692,44220620,44220698,44221122,44220616,44221407
44220221,44220352,44220304,44220666,44220620,44220632,44221148,44220684,44221406
44220217,44220340,44220330,44220656,44220710,44220610,44221108,44221136,44221409
44220217,44220348,44220312,44220620,44220710,44220640,44221108,44221136,44221407
44220217,44220334,44220318,44220644,44220678,44220640,44221108,44221122,44221407
44220220,44220344,44220326,44220710,44220612,44220618,44221112,44221128,44221408
44220218,44220324,44220340,44220698,44220610,44220700,44221120,44221118,44221399
44220218,44220324,44220302,44220656,44220640,44220700,44221148,44221118,44221399
44220223,44220330,44220326,44220626,44220640,44220634,44221116,44221120,44221401
44220221,44220344,44220304,44220710,44220620,44220616,44221120,44221148,44221407
44220217,44220334,44220304,44220638,44220710,44220676,44221108,44221120,44221409
44220217,44220334,44220348,44220620,44220676,44220678,44221108,44221120,44221406
44220220,44220310,44220344,44220612,44220662,44220620,44221120,44221148,44221417
44220220,44220322,44220344,44220640,44220612,44220692,44221148,44220620,44221417
44220223,44220322,44220310,44220640,44220612,44220698,44221116,44221148,44221401
44220219,44220352,44220326,44220610,44220698,44220700,44221132,44220616,44221409
44220221,44220304,44220318,44220692,44220634,44220644,44221122,44220684,44221407
44220221,44220304,44220306,44220656,44220692,44220634,44221122,44221132,44221407
44220218,44220310,44220318,44220710,44220656,44220628,44221112,44221118,44221408
44220218,44220318,44220340,44220634,44220662,44220632,44221112,44221118,44221408
44220222,44220314,44220324,44220614,44220626,44220680,44221120,44221132,44221409
44220235,44220326,44220318,44220632,44220626,44220618,44221148,44220684,44221406
44220222,44220324,44220326,44220614,44220710,44220680,44221120,44220626,44221406
44220220,44220340,44220334,44220710,44220634,44220642,44221122,44220612,44221408
44220217,44220352,44220322,44220678,44220656,44220620,44221108,44221112,44221417
44220217,44220352,44220322,44220678,44220620,44220672,44221108,44221136,44221398
44220224,44220314,44220308,44220642,44220640,44220666,44221116,44221112,44221407
44220219,44220340,44220334,44220698,44220710,44220620,44221120,44220616,44221398
44220221,44220322,44220304,44220698,44220634,44220662,44221116,44221112,44221406
44220222,44220302,44220314,44220614,44220692,44220684,44221120,44221132,44221408
44220227,44220326,44220318,44220612,44220644,44220676,44221112,44221120,44221408
44220227,44220306,44220318,44220612,44220644,44220676,44221112,44221136,44221417
44220227,44220344,44220318,44220612,44220644,44220640,44221116,44220676,44221417
44220221,44220324,44220304,44220630,44220640,44220676,44221112,44221148,44221407
44220223,44220348,44220322,44220610,44220698,44220620,44221116,44221148,44221409
44220223,44220322,44220344,44220610,44220698,44220628,44221120,44221116,44221409
44220223,44220308,44220344,44220610,44220698,44220628,44221116,44221132,44221409
44220220,44220330,44220326,44220638,44220698,44220612,44221116,44221122,44221401
44220220,44220320,44220312,44220612,44220672,44220684,44221112,44221132,44221406
44220220,44220320,44220334,44220642,44220612,44220684,44221112,44221132,44221401
44220219,44220320,44220314,44220698,44220678,44220638,44221132,44220616,44221406
44220221,44220344,44220304,44220642,44220710,44220626,44221116,44220662,44221409
44220219,44220314,44220302,44220680,44220692,44220616,44221128,44221136,44221406
44220224,44220302,44220330,44220680,44220692,44220666,44221128,44220618,44221406
44220224,44220344,44220302,44220680,44220692,44220666,44221128,44220616,44221401
44220224,44220340,44220302,44220680,44220692,44220666,44221128,44220616,44221406
44220217,44220344,44220334,44220638,44220640,44220634,44221108,44221136,44221407
44220222,44220348,44220324,44220614,44220640,44220710,44221148,44220618,44221408
44220221,44220330,44220304,44220640,44220672,44220620,44221122,44221132,44221406
44220223,44220302,44220308,44220666,44220640,44220684,44221116,44221148,44221401
44220223,44220322,44220302,44220666,44220640,44220684,44221116,44221128,44221399
44220223,44220322,44220308,44220666,44220640,44220632,44221116,44220684,44221409
44220220,44220352,44220334,44220642,44220656,44220634,44221136,44220612,44221409
44220219,44220326,44220318,44220634,44220638,44220616,44221128,44221132,44221417
44220219,44220344,44220326,44220634,44220638,44220616,44221128,44221120,44221406
44220221,44220304,44220334,44220710,44220634,44220618,44221116,44221136,44221408
44220235,44220310,44220306,44220640,44220710,44220618,44221120,44221132,44221399
44220235,44220352,44220334,44220610,44220634,44220618,44221122,44221132,44221406
44220235,44220352,44220334,44220610,44220634,44220618,44221148,44221122,44221401
44220235,44220352,44220334,44220610,44220634,44220618,44221120,44221148,44221398
44220221,44220304,44220306,44220638,44220630,44220678,44221120,44221148,44221417
44220221,44220324,44220304,44220630,44220642,44220626,44221136,44221148,44221409
44220221,44220348,44220304,44220626,44220642,44220692,44221148,44220632,44221409
44220221,44220302,44220304,44220640,44220710,44220634,44221136,44221148,44221406
44220221,44220352,44220304,44220612,44220710,44220634,44221136,44221112,44221406
44220217,44220352,44220322,44220710,44220620,44220634,44221108,44221132,44221408
44220217,44220352,44220304,44220710,44220630,44220700,44221108,44221112,44221408
44220220,44220314,44220304,44220612,44220666,44220700,44221120,44221148,44221407
44220218,44220318,44220334,44220698,44220640,44220616,44221120,44221118,44221408
44220218,44220348,44220324,44220640,44220634,44220628,44221120,44221118,44221417
44220223,44220330,44220352,44220698,44220610,44220618,44221116,44221132,44221399
44220235,44220324,44220326,44220642,44220618,44220628,44221120,44220684,44221409
44220227,44220308,44220326,44220644,44220684,44220628,44221136,44221104,44221409
44220219,44220326,44220318,44220616,44220684,44220628,44221136,44221122,44221409
44220222,44220310,44220320,44220680,44220614,44220618,44221128,44221148,44221417
44220222,44220308,44220340,44220680,44220614,44220618,44221116,44221148,44221417
44220218,44220352,44220302,44220680,44220628,44220672,44221148,44221118,44221401
44220218,44220310,44220306,44220680,44220676,44220672,44221122,44221118,44221399
44220218,44220310,44220306,44220680,44220618,44220672,44221148,44221118,44221417
44220217,44220330,44220334,44220632,44220644,44220638,44221108,44221148,44221407
44220224,44220310,44220352,44220678,44220626,44220620,44221148,44220666,44221407
44220223,44220330,44220306,44220692,44220638,44220698,44221116,44220626,44221399
44220223,44220330,44220322,44220692,44220644,44220698,44221116,44220620,44221401
44220223,44220322,44220330,44220692,44220644,44220610,44221116,44221132,44221406
44220221,44220352,44220304,44220640,44220698,44220616,44221148,44221112,44221401
44220221,44220304,44220334,44220640,44220698,44220616,44221148,44220672,44221408
44220217,44220322,44220348,44220612,44220678,44220698,44221108,44220684,44221417
44220220,44220314,44220348,44220642,44220698,44220632,44221148,44220612,44221408
44220220,44220322,44220324,44220612,44220698,44220666,44221128,44220640,44221417
44220220,44220324,44220304,44220612,44220698,44220666,44221122,44221128,44221417
44220221,44220310,44220304,44220634,44220698,44220632,44221116,44221148,44221409
44220217,44220318,44220348,44220710,44220620,44220700,44221108,44221112,44221406
44220220,44220324,44220326,44220710,44220612,44220628,44221112,44221128,44221408
44220218,44220334,44220306,44220710,44220656,44220630,44221118,44220642,44221417
44220223,44220310,44220320,44220640,44220700,44220628,44221116,44221118,44221399
44220219,44220334,44220326,44220710,44220618,44220616,44221116,44221136,44221401
44220221,44220304,44220334,44220626,44220620,44220662,44221136,44221132,44221409
44220221,44220304,44220334,44220626,44220620,44220700,44221120,44221132,44221407
44220221,44220348,44220304,44220620,44220626,44220700,44221132,44220684,44221407
44220222,44220324,44220326,44220644,44220614,44220656,44221120,44221132,44221398
44220220,44220352,44220312,44220642,44220612,44220676,44221120,44221112,44221417
44220224,44220310,44220324,44220692,44220666,44220610,44221132,44220684,44221407
44220217,44220352,44220308,44220678,44220698,44220676,44221108,44221104,44221409
44220227,44220324,44220306,44220692,44220644,44220618,44221132,44220662,44221406
44220227,44220324,44220312,44220692,44220644,44220618,44221118,44220662,44221406
44220227,44220330,44220306,44220692,44220644,44220618,44221118,44220672,44221406
44220261,44220330,44220304,44220630,44220644,44220672,44221104,44221128,44221401
44220261,44220310,44220304,44220630,44220632,44220626,44221136,44221128,44221408
44220228,44220308,44220306,44220642,44220662,44220640,44221118,44221128,44221409
44220228,44220310,44220334,44220680,44220692,44220640,44221128,44220616,44221399
44220228,44220324,44220310,44220680,44220692,44220640,44221128,44220616,44221401
44220232,44220344,44220318,44220642,44220666,44220640,44221118,44220620,44221399
44220261,44220334,44220306,44220666,44220614,44220630,44221148,44220626,44221409
